model,accuracy,macro_f1,weighted_f1
transformer_distilbert,0.9478947368421052,0.9479012037213315,0.9479012037213315
char_ngram_svm,0.9272368421052631,0.9271439398932317,0.9271439398932316
word_ngram_svm,0.9222368421052631,0.9220362284414114,0.9220362284414115
