model,clean_accuracy,clean_macro_f1,avg_perturbed_accuracy,avg_perturbed_macro_f1,worst_perturbed_macro_f1,mean_macro_f1_drop,worst_macro_f1_drop
transformer_distilbert,0.9478947368421052,0.9479012037213315,0.9406286549707601,0.9406508944993701,0.9306032292300672,0.0072503092219613485,0.017297974491264245
char_ngram_svm,0.9272368421052631,0.9271439398932317,0.922514619883041,0.922392033796604,0.9168609153763095,0.004751906096627789,0.010283024516922201
word_ngram_svm,0.9222368421052631,0.9220362284414114,0.9171052631578946,0.9169213001077624,0.910789904236075,0.005114928333649016,0.011246324205336444
